res_AG.LND.CREL.HA.tsv	Citation	0.513238383471
res_AG.LND.CREL.HA.tsv	File Size	0.533915047527
res_AG.LND.CREL.HA.tsv	Links	0.54016065005
res_AG.LND.TOTL.K2.tsv	Citation	0.446435733717
res_AG.LND.TOTL.K2.tsv	File Size	0.445622204331
res_AG.LND.TOTL.K2.tsv	Links	0.437498611757
res_AG.PRD.CREL.MT.tsv	Citation	0.574040077015
res_AG.PRD.CREL.MT.tsv	File Size	0.559868760686
res_AG.PRD.CREL.MT.tsv	Links	0.570758877357
res_AG.PRD.CROP.XD.tsv	Citation	-0.0325579052901
res_AG.PRD.CROP.XD.tsv	File Size	-0.0332154223085
res_AG.PRD.CROP.XD.tsv	Links	-0.0429566040967
res_AG.PRD.FOOD.XD.tsv	Citation	-0.0660543684975
res_AG.PRD.FOOD.XD.tsv	File Size	-0.0672918104323
res_AG.PRD.FOOD.XD.tsv	Links	-0.0803099059827
res_AG.PRD.LVSK.XD.tsv	Citation	-0.0812108624496
res_AG.PRD.LVSK.XD.tsv	File Size	-0.0847003116732
res_AG.PRD.LVSK.XD.tsv	Links	-0.10094858793
res_AG.SRF.TOTL.K2.tsv	Citation	0.454605697948
res_AG.SRF.TOTL.K2.tsv	File Size	0.452237192928
res_AG.SRF.TOTL.K2.tsv	Links	0.444458156931
res_AG.YLD.CREL.KG.tsv	Citation	0.0472912040975
res_AG.YLD.CREL.KG.tsv	File Size	0.0539280288473
res_AG.YLD.CREL.KG.tsv	Links	0.0556252717255
res_BX.KLT.DINV.CD.WD.tsv	Citation	0.571643543253
res_BX.KLT.DINV.CD.WD.tsv	File Size	0.529428113276
res_BX.KLT.DINV.CD.WD.tsv	Links	0.53612953745
res_BX.KLT.DINV.WD.GD.ZS.tsv	Citation	-0.144635223269
res_BX.KLT.DINV.WD.GD.ZS.tsv	File Size	-0.16796173053
res_BX.KLT.DINV.WD.GD.ZS.tsv	Links	-0.168746074182
res_EN.POP.DNST.tsv	Citation	-0.0345824551387
res_EN.POP.DNST.tsv	File Size	-0.0341385319739
res_EN.POP.DNST.tsv	Links	-0.0337845677953
res_ER.GDP.FWTL.M3.KD.tsv	Citation	-0.0287545874233
res_ER.GDP.FWTL.M3.KD.tsv	File Size	-0.0192801975195
res_ER.GDP.FWTL.M3.KD.tsv	Links	-0.0121119488227
res_ER.H2O.FWAG.ZS.tsv	Citation	0.0519074525025
res_ER.H2O.FWAG.ZS.tsv	File Size	0.0382177793422
res_ER.H2O.FWAG.ZS.tsv	Links	0.00920375573868
res_ER.H2O.FWDM.ZS.tsv	Citation	-0.162281204896
res_ER.H2O.FWDM.ZS.tsv	File Size	-0.182642130586
res_ER.H2O.FWDM.ZS.tsv	Links	-0.16742227241
res_ER.H2O.FWIN.ZS.tsv	Citation	0.0675568179426
res_ER.H2O.FWIN.ZS.tsv	File Size	0.104519441453
res_ER.H2O.FWIN.ZS.tsv	Links	0.130279381392
res_ER.H2O.FWTL.K3.tsv	Citation	0.548243265398
res_ER.H2O.FWTL.K3.tsv	File Size	0.554772829994
res_ER.H2O.FWTL.K3.tsv	Links	0.566206923167
res_ER.H2O.FWTL.ZS.tsv	Citation	0.00891535955765
res_ER.H2O.FWTL.ZS.tsv	File Size	-0.000997380818912
res_ER.H2O.FWTL.ZS.tsv	Links	-0.00522274526074
res_ER.H2O.INTR.K3.tsv	Citation	0.359899653709
res_ER.H2O.INTR.K3.tsv	File Size	0.369535285242
res_ER.H2O.INTR.K3.tsv	Links	0.363998375084
res_ER.H2O.INTR.PC.tsv	Citation	-0.0888007495847
res_ER.H2O.INTR.PC.tsv	File Size	-0.0909874179507
res_ER.H2O.INTR.PC.tsv	Links	-0.0835007764639
res_FB.ATM.TOTL.P5.tsv	Citation	0.352924305083
res_FB.ATM.TOTL.P5.tsv	File Size	0.357685883686
res_FB.ATM.TOTL.P5.tsv	Links	0.370470948424
res_FB.CBK.BRCH.P5.tsv	Citation	0.0447066604289
res_FB.CBK.BRCH.P5.tsv	File Size	0.0610848471502
res_FB.CBK.BRCH.P5.tsv	Links	0.0789462496116
res_FP.CPI.TOTL.ZG.tsv	Citation	0.0701097676558
res_FP.CPI.TOTL.ZG.tsv	File Size	0.0558323543374
res_FP.CPI.TOTL.ZG.tsv	Links	0.0354853924051
res_IC.BUS.DFRN.XQ.tsv	Citation	0.260515355471
res_IC.BUS.DFRN.XQ.tsv	File Size	0.302072832969
res_IC.BUS.DFRN.XQ.tsv	Links	0.313953923262
res_IC.BUS.DISC.XQ.tsv	Citation	0.308956283807
res_IC.BUS.DISC.XQ.tsv	File Size	0.340006488308
res_IC.BUS.DISC.XQ.tsv	Links	0.338789926838
res_IC.BUS.EASE.XQ.tsv	Citation	-0.257066592561
res_IC.BUS.EASE.XQ.tsv	File Size	-0.30065513969
res_IC.BUS.EASE.XQ.tsv	Links	-0.311690848208
res_IC.CRD.INFO.XQ.tsv	Citation	0.343744692827
res_IC.CRD.INFO.XQ.tsv	File Size	0.388576216169
res_IC.CRD.INFO.XQ.tsv	Links	0.387209810867
res_IC.CRD.PRVT.ZS.tsv	Citation	0.345756204769
res_IC.CRD.PRVT.ZS.tsv	File Size	0.353381599518
res_IC.CRD.PRVT.ZS.tsv	Links	0.349705124698
res_IC.CRD.PUBL.ZS.tsv	Citation	0.00970888435559
res_IC.CRD.PUBL.ZS.tsv	File Size	0.0309365837546
res_IC.CRD.PUBL.ZS.tsv	Links	0.0446032628043
res_IC.ELC.TIME.tsv	Citation	0.0308415513148
res_IC.ELC.TIME.tsv	File Size	0.0425740490951
res_IC.ELC.TIME.tsv	Links	0.0408020644304
res_IC.EXP.COST.CD.tsv	Citation	-0.0552087273478
res_IC.EXP.COST.CD.tsv	File Size	-0.0771527624372
res_IC.EXP.COST.CD.tsv	Links	-0.08374897604
res_IC.EXP.DOCS.tsv	Citation	-0.145390516323
res_IC.EXP.DOCS.tsv	File Size	-0.162169605049
res_IC.EXP.DOCS.tsv	Links	-0.176079922614
res_IC.EXP.DURS.tsv	Citation	-0.12179168479
res_IC.EXP.DURS.tsv	File Size	-0.148938496244
res_IC.EXP.DURS.tsv	Links	-0.157737134903
res_IC.IMP.COST.CD.tsv	Citation	-0.0886704507543
res_IC.IMP.COST.CD.tsv	File Size	-0.120948237362
res_IC.IMP.COST.CD.tsv	Links	-0.128713525799
res_IC.IMP.DOCS.tsv	Citation	-0.113060210695
res_IC.IMP.DOCS.tsv	File Size	-0.133049425019
res_IC.IMP.DOCS.tsv	Links	-0.152211838265
res_IC.IMP.DURS.tsv	Citation	-0.117758286845
res_IC.IMP.DURS.tsv	File Size	-0.147722285816
res_IC.IMP.DURS.tsv	Links	-0.161757540682
res_IC.ISV.DURS.tsv	Citation	-0.124951300319
res_IC.ISV.DURS.tsv	File Size	-0.150152260794
res_IC.ISV.DURS.tsv	Links	-0.161726741802
res_IC.LGL.CRED.XQ.tsv	Citation	0.141417585677
res_IC.LGL.CRED.XQ.tsv	File Size	0.12327942385
res_IC.LGL.CRED.XQ.tsv	Links	0.126315515352
res_IC.LGL.DURS.tsv	Citation	0.0109161104994
res_IC.LGL.DURS.tsv	File Size	0.0107248399334
res_IC.LGL.DURS.tsv	Links	0.014343754856
res_IC.LGL.PROC.tsv	Citation	-0.105475305243
res_IC.LGL.PROC.tsv	File Size	-0.125933150318
res_IC.LGL.PROC.tsv	Links	-0.131166223387
res_IC.PRP.DURS.tsv	Citation	-0.100644410178
res_IC.PRP.DURS.tsv	File Size	-0.125337503435
res_IC.PRP.DURS.tsv	Links	-0.127893094007
res_IC.PRP.PROC.tsv	Citation	0.0131347091881
res_IC.PRP.PROC.tsv	File Size	0.0302203310389
res_IC.PRP.PROC.tsv	Links	0.0199777911354
res_IC.REG.COST.PC.ZS.tsv	Citation	-0.156222396941
res_IC.REG.COST.PC.ZS.tsv	File Size	-0.205815533367
res_IC.REG.COST.PC.ZS.tsv	Links	-0.218993397122
res_IC.REG.DURS.tsv	Citation	-0.140236287733
res_IC.REG.DURS.tsv	File Size	-0.156142174688
res_IC.REG.DURS.tsv	Links	-0.163550492242
res_IC.REG.PROC.tsv	Citation	-0.0798312193367
res_IC.REG.PROC.tsv	File Size	-0.0621671466825
res_IC.REG.PROC.tsv	Links	-0.0633546127489
res_IC.TAX.DURS.tsv	Citation	0.0479617423849
res_IC.TAX.DURS.tsv	File Size	0.0622638318073
res_IC.TAX.DURS.tsv	Links	0.0473720961989
res_IC.TAX.LABR.CP.ZS.tsv	Citation	0.0794931375163
res_IC.TAX.LABR.CP.ZS.tsv	File Size	0.125242844172
res_IC.TAX.LABR.CP.ZS.tsv	Links	0.14113221652
res_IC.TAX.OTHR.CP.ZS.tsv	Citation	-0.107698407043
res_IC.TAX.OTHR.CP.ZS.tsv	File Size	-0.126229443656
res_IC.TAX.OTHR.CP.ZS.tsv	Links	-0.121971804504
res_IC.TAX.PAYM.tsv	Citation	-0.2527316078
res_IC.TAX.PAYM.tsv	File Size	-0.276795741771
res_IC.TAX.PAYM.tsv	Links	-0.276392341954
res_IC.TAX.PRFT.CP.ZS.tsv	Citation	0.0756603124196
res_IC.TAX.PRFT.CP.ZS.tsv	File Size	0.0531983923748
res_IC.TAX.PRFT.CP.ZS.tsv	Links	0.0425753904211
res_IC.TAX.TOTL.CP.ZS.tsv	Citation	-0.0462805808824
res_IC.TAX.TOTL.CP.ZS.tsv	File Size	-0.0540565279221
res_IC.TAX.TOTL.CP.ZS.tsv	Links	-0.0472049035908
res_IC.WRH.DURS.tsv	Citation	0.0431193516115
res_IC.WRH.DURS.tsv	File Size	0.0549414935256
res_IC.WRH.DURS.tsv	Links	0.0560360151664
res_IC.WRH.PROC.tsv	Citation	0.0329618084158
res_IC.WRH.PROC.tsv	File Size	0.0284082131706
res_IC.WRH.PROC.tsv	Links	0.0286134200754
res_IT.CEL.SETS.P2.tsv	Citation	0.036293488179
res_IT.CEL.SETS.P2.tsv	File Size	0.0911400924235
res_IT.CEL.SETS.P2.tsv	Links	0.101569614998
res_IT.CEL.SETS.tsv	Citation	0.395805347873
res_IT.CEL.SETS.tsv	File Size	0.433447211434
res_IT.CEL.SETS.tsv	Links	0.441198011288
res_IT.MLT.MAIN.P2.tsv	Citation	0.199873079684
res_IT.MLT.MAIN.P2.tsv	File Size	0.196511900868
res_IT.MLT.MAIN.P2.tsv	Links	0.215216715038
res_IT.MLT.MAIN.tsv	Citation	0.497321457462
res_IT.MLT.MAIN.tsv	File Size	0.480014377181
res_IT.MLT.MAIN.tsv	Links	0.489977766712
res_IT.NET.BBND.P2.tsv	Citation	0.229517613792
res_IT.NET.BBND.P2.tsv	File Size	0.246647506009
res_IT.NET.BBND.P2.tsv	Links	0.270696431252
res_IT.NET.BBND.tsv	Citation	0.472399520167
res_IT.NET.BBND.tsv	File Size	0.455677851361
res_IT.NET.BBND.tsv	Links	0.468500666822
res_IT.NET.SECR.P6.tsv	Citation	0.0524477684107
res_IT.NET.SECR.P6.tsv	File Size	0.0449287638746
res_IT.NET.SECR.P6.tsv	Links	0.0588257996327
res_IT.NET.SECR.tsv	Citation	0.681729320566
res_IT.NET.SECR.tsv	File Size	0.600385426471
res_IT.NET.SECR.tsv	Links	0.609430811529
res_IT.NET.USER.P2.tsv	Citation	0.215744137844
res_IT.NET.USER.P2.tsv	File Size	0.248161057687
res_IT.NET.USER.P2.tsv	Links	0.260507755161
res_MS.MIL.TOTL.P1.tsv	Citation	0.503286257462
res_MS.MIL.TOTL.P1.tsv	File Size	0.52203800044
res_MS.MIL.TOTL.P1.tsv	Links	0.519927057791
res_NY.ADJ.AEDU.GN.ZS.tsv	Citation	-0.0509268079782
res_NY.ADJ.AEDU.GN.ZS.tsv	File Size	-0.0540348551387
res_NY.ADJ.AEDU.GN.ZS.tsv	Links	-0.0498230219321
res_NY.ADJ.DCO2.GN.ZS.tsv	Citation	0.13690964606
res_NY.ADJ.DCO2.GN.ZS.tsv	File Size	0.170219664707
res_NY.ADJ.DCO2.GN.ZS.tsv	Links	0.164324066794
res_NY.ADJ.DKAP.GN.ZS.tsv	Citation	0.110702019424
res_NY.ADJ.DKAP.GN.ZS.tsv	File Size	0.123464663639
res_NY.ADJ.DKAP.GN.ZS.tsv	Links	0.134748726349
res_NY.ADJ.DMIN.CD.tsv	Citation	0.227823007127
res_NY.ADJ.DMIN.CD.tsv	File Size	0.234158414192
res_NY.ADJ.DMIN.CD.tsv	Links	0.234281369706
res_NY.ADJ.DMIN.GN.ZS.tsv	Citation	-0.107035943313
res_NY.ADJ.DMIN.GN.ZS.tsv	File Size	-0.119560220781
res_NY.ADJ.DMIN.GN.ZS.tsv	Links	-0.125565709306
res_NY.ADJ.DNGY.CD.tsv	Citation	0.43398177366
res_NY.ADJ.DNGY.CD.tsv	File Size	0.437397182464
res_NY.ADJ.DNGY.CD.tsv	Links	0.434234189091
res_NY.ADJ.DNGY.GN.ZS.tsv	Citation	-0.0334290678754
res_NY.ADJ.DNGY.GN.ZS.tsv	File Size	-0.037726366234
res_NY.ADJ.DNGY.GN.ZS.tsv	Links	-0.039728150896
res_NY.GDP.COAL.RT.ZS.tsv	Citation	0.112565915207
res_NY.GDP.COAL.RT.ZS.tsv	File Size	0.149014408383
res_NY.GDP.COAL.RT.ZS.tsv	Links	0.146926795112
res_NY.GDP.DEFL.KD.ZG.tsv	Citation	-0.0128073761103
res_NY.GDP.DEFL.KD.ZG.tsv	File Size	-0.00969360128868
res_NY.GDP.DEFL.KD.ZG.tsv	Links	-0.0224766171474
res_NY.GDP.FRST.RT.ZS.tsv	Citation	-0.197104890756
res_NY.GDP.FRST.RT.ZS.tsv	File Size	-0.241085695666
res_NY.GDP.FRST.RT.ZS.tsv	Links	-0.248894377999
res_NY.GDP.MINR.RT.ZS.tsv	Citation	-0.0818399702778
res_NY.GDP.MINR.RT.ZS.tsv	File Size	-0.0906091761892
res_NY.GDP.MINR.RT.ZS.tsv	Links	-0.0963601623059
res_NY.GDP.MKTP.CD.tsv	Citation	0.706101414493
res_NY.GDP.MKTP.CD.tsv	File Size	0.652735456916
res_NY.GDP.MKTP.CD.tsv	Links	0.663902820175
res_NY.GDP.MKTP.KD.ZG.tsv	Citation	-0.0674321338122
res_NY.GDP.MKTP.KD.ZG.tsv	File Size	-0.0458713051966
res_NY.GDP.MKTP.KD.ZG.tsv	Links	-0.0444261749131
res_NY.GDP.MKTP.KD.tsv	Citation	0.724701760488
res_NY.GDP.MKTP.KD.tsv	File Size	0.663846752127
res_NY.GDP.MKTP.KD.tsv	Links	0.675581245878
res_NY.GDP.MKTP.PP.CD.tsv	Citation	0.659023197817
res_NY.GDP.MKTP.PP.CD.tsv	File Size	0.631169481797
res_NY.GDP.MKTP.PP.CD.tsv	Links	0.641066823044
res_NY.GDP.MKTP.PP.KD.tsv	Citation	0.658550406657
res_NY.GDP.MKTP.PP.KD.tsv	File Size	0.630693976979
res_NY.GDP.MKTP.PP.KD.tsv	Links	0.640624504587
res_NY.GDP.PCAP.CD.tsv	Citation	0.216826727638
res_NY.GDP.PCAP.CD.tsv	File Size	0.232926509758
res_NY.GDP.PCAP.CD.tsv	Links	0.244272365577
res_NY.GDP.PCAP.KD.ZG.tsv	Citation	-0.023869581079
res_NY.GDP.PCAP.KD.ZG.tsv	File Size	0.011168179
res_NY.GDP.PCAP.KD.ZG.tsv	Links	0.016887576114
res_NY.GDP.PCAP.KD.tsv	Citation	0.253158512374
res_NY.GDP.PCAP.KD.tsv	File Size	0.268362796854
res_NY.GDP.PCAP.KD.tsv	Links	0.284963061026
res_NY.GDP.PCAP.PP.CD.tsv	Citation	0.211332857525
res_NY.GDP.PCAP.PP.CD.tsv	File Size	0.229183291505
res_NY.GDP.PCAP.PP.CD.tsv	Links	0.240532625934
res_NY.GDP.PCAP.PP.KD.tsv	Citation	0.213045719619
res_NY.GDP.PCAP.PP.KD.tsv	File Size	0.231707353837
res_NY.GDP.PCAP.PP.KD.tsv	Links	0.243205490375
res_NY.GDP.TOTL.RT.ZS.tsv	Citation	-0.100914814216
res_NY.GDP.TOTL.RT.ZS.tsv	File Size	-0.115325393553
res_NY.GDP.TOTL.RT.ZS.tsv	Links	-0.128019266005
res_NY.GNP.ATLS.CD.tsv	Citation	0.707752884352
res_NY.GNP.ATLS.CD.tsv	File Size	0.654843419619
res_NY.GNP.ATLS.CD.tsv	Links	0.665428569234
res_NY.GNP.MKTP.CD.tsv	Citation	0.706618313808
res_NY.GNP.MKTP.CD.tsv	File Size	0.65228042154
res_NY.GNP.MKTP.CD.tsv	Links	0.663367534231
res_NY.GNP.MKTP.PP.CD.tsv	Citation	0.661995483015
res_NY.GNP.MKTP.PP.CD.tsv	File Size	0.632824562874
res_NY.GNP.MKTP.PP.CD.tsv	Links	0.642671342343
res_NY.GNP.PCAP.CD.tsv	Citation	0.260296358847
res_NY.GNP.PCAP.CD.tsv	File Size	0.280404951954
res_NY.GNP.PCAP.CD.tsv	Links	0.29570347702
res_NY.GNP.PCAP.PP.CD.tsv	Citation	0.254062828701
res_NY.GNP.PCAP.PP.CD.tsv	File Size	0.276400034346
res_NY.GNP.PCAP.PP.CD.tsv	Links	0.2893059185
res_SE.PRM.AGES.tsv	Citation	-0.0219652796379
res_SE.PRM.AGES.tsv	File Size	-0.0107037079485
res_SE.PRM.AGES.tsv	Links	-0.0140657654704
res_SE.PRM.DURS.tsv	Citation	-0.118294698129
res_SE.PRM.DURS.tsv	File Size	-0.171913790162
res_SE.PRM.DURS.tsv	Links	-0.183312659839
res_SE.SEC.AGES.tsv	Citation	-0.133292679468
res_SE.SEC.AGES.tsv	File Size	-0.17965572049
res_SE.SEC.AGES.tsv	Links	-0.193324776158
res_SE.SEC.DURS.tsv	Citation	0.0327098246191
res_SE.SEC.DURS.tsv	File Size	0.0664658848232
res_SE.SEC.DURS.tsv	Links	0.0893431514574
res_SG.GEN.PARL.ZS.tsv	Citation	0.0486596073211
res_SG.GEN.PARL.ZS.tsv	File Size	0.085109514507
res_SG.GEN.PARL.ZS.tsv	Links	0.0907698228291
res_SH.DTH.IMRT.tsv	Citation	0.206661565004
res_SH.DTH.IMRT.tsv	File Size	0.262667838311
res_SH.DTH.IMRT.tsv	Links	0.266250290124
res_SH.DTH.MORT.tsv	Citation	0.190530527267
res_SH.DTH.MORT.tsv	File Size	0.244876633417
res_SH.DTH.MORT.tsv	Links	0.246805418989
res_SH.DTH.NMRT.tsv	Citation	0.221396363577
res_SH.DTH.NMRT.tsv	File Size	0.27720154367
res_SH.DTH.NMRT.tsv	Links	0.282792675558
res_SH.DYN.MORT.FE.tsv	Citation	-0.165996811461
res_SH.DYN.MORT.FE.tsv	File Size	-0.202661816832
res_SH.DYN.MORT.FE.tsv	Links	-0.214772314121
res_SH.DYN.MORT.MA.tsv	Citation	-0.178992139435
res_SH.DYN.MORT.MA.tsv	File Size	-0.216788644172
res_SH.DYN.MORT.MA.tsv	Links	-0.229232273648
res_SH.DYN.MORT.tsv	Citation	-0.172992176611
res_SH.DYN.MORT.tsv	File Size	-0.210309144956
res_SH.DYN.MORT.tsv	Links	-0.222623220091
res_SH.DYN.NMRT.tsv	Citation	-0.159451591563
res_SH.DYN.NMRT.tsv	File Size	-0.188986897321
res_SH.DYN.NMRT.tsv	Links	-0.200226869122
res_SH.IMM.IDPT.tsv	Citation	0.0353033832136
res_SH.IMM.IDPT.tsv	File Size	0.0472231193323
res_SH.IMM.IDPT.tsv	Links	0.0626112598958
res_SH.IMM.MEAS.tsv	Citation	0.0555131709532
res_SH.IMM.MEAS.tsv	File Size	0.0642467001612
res_SH.IMM.MEAS.tsv	Links	0.0695182417509
res_SH.MMR.DTHS.tsv	Citation	0.123122987836
res_SH.MMR.DTHS.tsv	File Size	0.168029604488
res_SH.MMR.DTHS.tsv	Links	0.162944583526
res_SH.MMR.RISK.ZS.tsv	Citation	-0.192027238385
res_SH.MMR.RISK.ZS.tsv	File Size	-0.243977332549
res_SH.MMR.RISK.ZS.tsv	Links	-0.256262672611
res_SH.MMR.RISK.tsv	Citation	0.16939429744
res_SH.MMR.RISK.tsv	File Size	0.200535771677
res_SH.MMR.RISK.tsv	Links	0.209232155551
res_SH.STA.MMRT.tsv	Citation	-0.20769260859
res_SH.STA.MMRT.tsv	File Size	-0.258195423064
res_SH.STA.MMRT.tsv	Links	-0.272630236366
res_SH.TBS.DTEC.ZS.tsv	Citation	0.125495521774
res_SH.TBS.DTEC.ZS.tsv	File Size	0.171719077832
res_SH.TBS.DTEC.ZS.tsv	Links	0.191572900243
res_SH.TBS.INCD.tsv	Citation	-0.102573523321
res_SH.TBS.INCD.tsv	File Size	-0.107375658819
res_SH.TBS.INCD.tsv	Links	-0.128351813636
res_SH.XPD.OOPC.TO.ZS.tsv	Citation	0.0533233667707
res_SH.XPD.OOPC.TO.ZS.tsv	File Size	0.0760914725444
res_SH.XPD.OOPC.TO.ZS.tsv	Links	0.0607344741527
res_SH.XPD.OOPC.ZS.tsv	Citation	-0.0992656248327
res_SH.XPD.OOPC.ZS.tsv	File Size	-0.063034331979
res_SH.XPD.OOPC.ZS.tsv	Links	-0.0564090856599
res_SH.XPD.PCAP.PP.KD.tsv	Citation	0.376981226964
res_SH.XPD.PCAP.PP.KD.tsv	File Size	0.371377773989
res_SH.XPD.PCAP.PP.KD.tsv	Links	0.387929535488
res_SH.XPD.PCAP.tsv	Citation	0.321277018286
res_SH.XPD.PCAP.tsv	File Size	0.318844495235
res_SH.XPD.PCAP.tsv	Links	0.33695378608
res_SH.XPD.PRIV.ZS.tsv	Citation	0.250416366314
res_SH.XPD.PRIV.ZS.tsv	File Size	0.209641422368
res_SH.XPD.PRIV.ZS.tsv	Links	0.195705475844
res_SH.XPD.PUBL.ZS.tsv	Citation	0.0773377216271
res_SH.XPD.PUBL.ZS.tsv	File Size	0.0625836512793
res_SH.XPD.PUBL.ZS.tsv	Links	0.0846132694701
res_SH.XPD.PUBL.tsv	Citation	-0.128543163032
res_SH.XPD.PUBL.tsv	File Size	-0.129617724498
res_SH.XPD.PUBL.tsv	Links	-0.105062399842
res_SH.XPD.TOTL.ZS.tsv	Citation	0.209400449817
res_SH.XPD.TOTL.ZS.tsv	File Size	0.173343194597
res_SH.XPD.TOTL.ZS.tsv	Links	0.185303113676
res_SL.EMP.1524.SP.FE.ZS.tsv	Citation	-0.0739926443293
res_SL.EMP.1524.SP.FE.ZS.tsv	File Size	-0.113829165347
res_SL.EMP.1524.SP.FE.ZS.tsv	Links	-0.118541256173
res_SL.EMP.1524.SP.MA.ZS.tsv	Citation	-0.106232747991
res_SL.EMP.1524.SP.MA.ZS.tsv	File Size	-0.142770325469
res_SL.EMP.1524.SP.MA.ZS.tsv	Links	-0.141561400025
res_SL.EMP.1524.SP.ZS.tsv	Citation	-0.0997468385715
res_SL.EMP.1524.SP.ZS.tsv	File Size	-0.141010796801
res_SL.EMP.1524.SP.ZS.tsv	Links	-0.142883026353
res_SL.EMP.TOTL.SP.FE.ZS.tsv	Citation	-0.156628553897
res_SL.EMP.TOTL.SP.FE.ZS.tsv	File Size	-0.194306324646
res_SL.EMP.TOTL.SP.FE.ZS.tsv	Links	-0.203945813532
res_SL.EMP.TOTL.SP.MA.ZS.tsv	Citation	-0.153151227677
res_SL.EMP.TOTL.SP.MA.ZS.tsv	File Size	-0.184732028304
res_SL.EMP.TOTL.SP.MA.ZS.tsv	Links	-0.197552810041
res_SL.EMP.TOTL.SP.ZS.tsv	Citation	-0.18708925851
res_SL.EMP.TOTL.SP.ZS.tsv	File Size	-0.227696654589
res_SL.EMP.TOTL.SP.ZS.tsv	Links	-0.240241207784
res_SL.TLF.ACTI.1524.FE.ZS.tsv	Citation	-0.0762327468298
res_SL.TLF.ACTI.1524.FE.ZS.tsv	File Size	-0.116690824445
res_SL.TLF.ACTI.1524.FE.ZS.tsv	Links	-0.119427850479
res_SL.TLF.ACTI.1524.MA.ZS.tsv	Citation	-0.0833121432966
res_SL.TLF.ACTI.1524.MA.ZS.tsv	File Size	-0.118506337219
res_SL.TLF.ACTI.1524.MA.ZS.tsv	Links	-0.113187652704
res_SL.TLF.ACTI.1524.ZS.tsv	Citation	-0.0913261483907
res_SL.TLF.ACTI.1524.ZS.tsv	File Size	-0.133215772729
res_SL.TLF.ACTI.1524.ZS.tsv	Links	-0.13204529635
res_SL.TLF.ACTI.FE.ZS.tsv	Citation	-0.0894435413205
res_SL.TLF.ACTI.FE.ZS.tsv	File Size	-0.109873625095
res_SL.TLF.ACTI.FE.ZS.tsv	Links	-0.111159507883
res_SL.TLF.ACTI.MA.ZS.tsv	Citation	-0.0378718439782
res_SL.TLF.ACTI.MA.ZS.tsv	File Size	-0.049131769041
res_SL.TLF.ACTI.MA.ZS.tsv	Links	-0.0472420266277
res_SL.TLF.ACTI.ZS.tsv	Citation	-0.0980429781669
res_SL.TLF.ACTI.ZS.tsv	File Size	-0.118913109054
res_SL.TLF.ACTI.ZS.tsv	Links	-0.119493646618
res_SL.TLF.CACT.FE.ZS.tsv	Citation	-0.165566123313
res_SL.TLF.CACT.FE.ZS.tsv	File Size	-0.201579891722
res_SL.TLF.CACT.FE.ZS.tsv	Links	-0.210430658413
res_SL.TLF.CACT.FM.ZS.tsv	Citation	-0.104308916219
res_SL.TLF.CACT.FM.ZS.tsv	File Size	-0.126689723466
res_SL.TLF.CACT.FM.ZS.tsv	Links	-0.129949917316
res_SL.TLF.CACT.MA.ZS.tsv	Citation	-0.162802743329
res_SL.TLF.CACT.MA.ZS.tsv	File Size	-0.198356083983
res_SL.TLF.CACT.MA.ZS.tsv	Links	-0.210971548843
res_SL.TLF.CACT.ZS.tsv	Citation	-0.20212632321
res_SL.TLF.CACT.ZS.tsv	File Size	-0.244281594842
res_SL.TLF.CACT.ZS.tsv	Links	-0.256374357334
res_SL.TLF.TOTL.FE.ZS.tsv	Citation	-0.0676787488733
res_SL.TLF.TOTL.FE.ZS.tsv	File Size	-0.0800488043097
res_SL.TLF.TOTL.FE.ZS.tsv	Links	-0.0807512659337
res_SL.TLF.TOTL.IN.tsv	Citation	0.344687227164
res_SL.TLF.TOTL.IN.tsv	File Size	0.37341886007
res_SL.TLF.TOTL.IN.tsv	Links	0.38179339635
res_SL.UEM.1524.FE.ZS.tsv	Citation	0.0734735633214
res_SL.UEM.1524.FE.ZS.tsv	File Size	0.0976024534656
res_SL.UEM.1524.FE.ZS.tsv	Links	0.0981308526932
res_SL.UEM.1524.MA.ZS.tsv	Citation	0.116039916223
res_SL.UEM.1524.MA.ZS.tsv	File Size	0.14909277587
res_SL.UEM.1524.MA.ZS.tsv	Links	0.155340679201
res_SL.UEM.1524.ZS.tsv	Citation	0.0881924831526
res_SL.UEM.1524.ZS.tsv	File Size	0.11812127121
res_SL.UEM.1524.ZS.tsv	Links	0.122497367402
res_SL.UEM.TOTL.FE.ZS.tsv	Citation	0.0286076092341
res_SL.UEM.TOTL.FE.ZS.tsv	File Size	0.0383776930388
res_SL.UEM.TOTL.FE.ZS.tsv	Links	0.040844750171
res_SL.UEM.TOTL.MA.ZS.tsv	Citation	0.054466129655
res_SL.UEM.TOTL.MA.ZS.tsv	File Size	0.0643574217813
res_SL.UEM.TOTL.MA.ZS.tsv	Links	0.0716339889701
res_SL.UEM.TOTL.ZS.tsv	Citation	0.0293521315844
res_SL.UEM.TOTL.ZS.tsv	File Size	0.0389598260747
res_SL.UEM.TOTL.ZS.tsv	Links	0.0451090148553
res_SM.POP.REFG.OR.tsv	Citation	0.138375431104
res_SM.POP.REFG.OR.tsv	File Size	0.140856222921
res_SM.POP.REFG.OR.tsv	Links	0.124736296051
res_SM.POP.REFG.tsv	Citation	0.203230030799
res_SM.POP.REFG.tsv	File Size	0.22095081228
res_SM.POP.REFG.tsv	Links	0.229263751279
res_SP.ADO.TFRT.tsv	Citation	-0.233777633494
res_SP.ADO.TFRT.tsv	File Size	-0.278828176149
res_SP.ADO.TFRT.tsv	Links	-0.291575493331
res_SP.DYN.CBRT.IN.tsv	Citation	-0.240227178176
res_SP.DYN.CBRT.IN.tsv	File Size	-0.29827447861
res_SP.DYN.CBRT.IN.tsv	Links	-0.313010738036
res_SP.DYN.CDRT.IN.tsv	Citation	-0.0401050326823
res_SP.DYN.CDRT.IN.tsv	File Size	-0.0384576192866
res_SP.DYN.CDRT.IN.tsv	Links	-0.032800269353
res_SP.DYN.IMRT.FE.IN.tsv	Citation	-0.172955471331
res_SP.DYN.IMRT.FE.IN.tsv	File Size	-0.207876436313
res_SP.DYN.IMRT.FE.IN.tsv	Links	-0.219225203369
res_SP.DYN.IMRT.IN.tsv	Citation	-0.179569908627
res_SP.DYN.IMRT.IN.tsv	File Size	-0.215156442546
res_SP.DYN.IMRT.IN.tsv	Links	-0.226622042419
res_SP.DYN.IMRT.MA.IN.tsv	Citation	-0.184877959813
res_SP.DYN.IMRT.MA.IN.tsv	File Size	-0.220944540195
res_SP.DYN.IMRT.MA.IN.tsv	Links	-0.232481851466
res_SP.DYN.LE00.FE.IN.tsv	Citation	0.241347356871
res_SP.DYN.LE00.FE.IN.tsv	File Size	0.28136316263
res_SP.DYN.LE00.FE.IN.tsv	Links	0.296883727724
res_SP.DYN.LE00.IN.tsv	Citation	0.248058837341
res_SP.DYN.LE00.IN.tsv	File Size	0.286029179596
res_SP.DYN.LE00.IN.tsv	Links	0.301785872167
res_SP.DYN.LE00.MA.IN.tsv	Citation	0.252273642537
res_SP.DYN.LE00.MA.IN.tsv	File Size	0.287543432918
res_SP.DYN.LE00.MA.IN.tsv	Links	0.30334001436
res_SP.DYN.TFRT.IN.tsv	Citation	-0.225900412774
res_SP.DYN.TFRT.IN.tsv	File Size	-0.285669294114
res_SP.DYN.TFRT.IN.tsv	Links	-0.297009216525
res_SP.DYN.TO65.FE.ZS.tsv	Citation	0.240469590815
res_SP.DYN.TO65.FE.ZS.tsv	File Size	0.280953721899
res_SP.DYN.TO65.FE.ZS.tsv	Links	0.296437207375
res_SP.DYN.TO65.MA.ZS.tsv	Citation	0.238821345509
res_SP.DYN.TO65.MA.ZS.tsv	File Size	0.265808720507
res_SP.DYN.TO65.MA.ZS.tsv	Links	0.280043522907
res_SP.POP.0014.FE.IN.tsv	Citation	0.346568135217
res_SP.POP.0014.FE.IN.tsv	File Size	0.393516815171
res_SP.POP.0014.FE.IN.tsv	Links	0.400130943048
res_SP.POP.0014.MA.IN.tsv	Citation	0.338551156803
res_SP.POP.0014.MA.IN.tsv	File Size	0.384648067326
res_SP.POP.0014.MA.IN.tsv	Links	0.391768740243
res_SP.POP.0014.TO.ZS.tsv	Citation	-0.250485386756
res_SP.POP.0014.TO.ZS.tsv	File Size	-0.30707662244
res_SP.POP.0014.TO.ZS.tsv	Links	-0.32276802038
res_SP.POP.0014.TO.tsv	Citation	0.34236815345
res_SP.POP.0014.TO.tsv	File Size	0.388867455752
res_SP.POP.0014.TO.tsv	Links	0.395751793989
res_SP.POP.1564.FE.IN.tsv	Citation	0.364975629386
res_SP.POP.1564.FE.IN.tsv	File Size	0.399104960415
res_SP.POP.1564.FE.IN.tsv	Links	0.407562519452
res_SP.POP.1564.MA.IN.tsv	Citation	0.352641637264
res_SP.POP.1564.MA.IN.tsv	File Size	0.386295862587
res_SP.POP.1564.MA.IN.tsv	Links	0.395171518642
res_SP.POP.1564.TO.ZS.tsv	Citation	0.163145081262
res_SP.POP.1564.TO.ZS.tsv	File Size	0.21028141436
res_SP.POP.1564.TO.ZS.tsv	Links	0.215846118817
res_SP.POP.1564.TO.tsv	Citation	0.358637524216
res_SP.POP.1564.TO.tsv	File Size	0.392520400251
res_SP.POP.1564.TO.tsv	Links	0.401194941948
res_SP.POP.65UP.TO.ZS.tsv	Citation	0.277092649875
res_SP.POP.65UP.TO.ZS.tsv	File Size	0.326842369642
res_SP.POP.65UP.TO.ZS.tsv	Links	0.350022383015
res_SP.POP.DPND.OL.tsv	Citation	0.276892865376
res_SP.POP.DPND.OL.tsv	File Size	0.324189994856
res_SP.POP.DPND.OL.tsv	Links	0.347667709372
res_SP.POP.DPND.YG.tsv	Citation	-0.237997231479
res_SP.POP.DPND.YG.tsv	File Size	-0.295980398099
res_SP.POP.DPND.YG.tsv	Links	-0.309977283913
res_SP.POP.DPND.tsv	Citation	-0.175538052631
res_SP.POP.DPND.tsv	File Size	-0.227177763565
res_SP.POP.DPND.tsv	Links	-0.234335540505
res_SP.POP.GROW.tsv	Citation	-0.16037639564
res_SP.POP.GROW.tsv	File Size	-0.195990261479
res_SP.POP.GROW.tsv	Links	-0.21159833571
res_SP.POP.TOTL.FE.ZS.tsv	Citation	0.0909744654836
res_SP.POP.TOTL.FE.ZS.tsv	File Size	0.102669100911
res_SP.POP.TOTL.FE.ZS.tsv	Links	0.103904048723
res_SP.POP.TOTL.tsv	Citation	0.371402606209
res_SP.POP.TOTL.tsv	File Size	0.407103613223
res_SP.POP.TOTL.tsv	Links	0.415624059014
res_SP.RUR.TOTL.ZG.tsv	Citation	-0.162313338769
res_SP.RUR.TOTL.ZG.tsv	File Size	-0.197953557173
res_SP.RUR.TOTL.ZG.tsv	Links	-0.204778483563
res_SP.RUR.TOTL.ZS.tsv	Citation	-0.223914199572
res_SP.RUR.TOTL.ZS.tsv	File Size	-0.240666692099
res_SP.RUR.TOTL.ZS.tsv	Links	-0.243197572483
res_SP.RUR.TOTL.tsv	Citation	0.277485520877
res_SP.RUR.TOTL.tsv	File Size	0.323428258776
res_SP.RUR.TOTL.tsv	Links	0.332031606849
res_SP.URB.GROW.tsv	Citation	-0.131043436165
res_SP.URB.GROW.tsv	File Size	-0.158295474124
res_SP.URB.GROW.tsv	Links	-0.176731605992
res_SP.URB.TOTL.IN.ZS.tsv	Citation	0.223914199572
res_SP.URB.TOTL.IN.ZS.tsv	File Size	0.240666692099
res_SP.URB.TOTL.IN.ZS.tsv	Links	0.243197572483
res_SP.URB.TOTL.tsv	Citation	0.4528838268
res_SP.URB.TOTL.tsv	File Size	0.473390530173
res_SP.URB.TOTL.tsv	Links	0.481106514176
res_ST.INT.ARVL.tsv	Citation	0.556818090356
res_ST.INT.ARVL.tsv	File Size	0.588835234409
res_ST.INT.ARVL.tsv	Links	0.612911037559
res_TG.VAL.TOTL.GD.ZS.tsv	Citation	-0.226840596704
res_TG.VAL.TOTL.GD.ZS.tsv	File Size	-0.220201459545
res_TG.VAL.TOTL.GD.ZS.tsv	Links	-0.220113635152
res_TM.VAL.MRCH.AL.ZS.tsv	Citation	0.182848060436
res_TM.VAL.MRCH.AL.ZS.tsv	File Size	0.191058764968
res_TM.VAL.MRCH.AL.ZS.tsv	Links	0.175293911784
res_TM.VAL.MRCH.CD.WT.tsv	Citation	0.639764691125
res_TM.VAL.MRCH.CD.WT.tsv	File Size	0.619399273156
res_TM.VAL.MRCH.CD.WT.tsv	Links	0.633885551089
res_TM.VAL.MRCH.HI.ZS.tsv	Citation	0.0134202004417
res_TM.VAL.MRCH.HI.ZS.tsv	File Size	0.059216996532
res_TM.VAL.MRCH.HI.ZS.tsv	Links	0.0899447934461
res_TM.VAL.MRCH.R3.ZS.tsv	Citation	-0.0777810692583
res_TM.VAL.MRCH.R3.ZS.tsv	File Size	-0.110694145278
res_TM.VAL.MRCH.R3.ZS.tsv	Links	-0.109648395641
res_TM.VAL.MRCH.R4.ZS.tsv	Citation	0.168138444847
res_TM.VAL.MRCH.R4.ZS.tsv	File Size	0.177583323031
res_TM.VAL.MRCH.R4.ZS.tsv	Links	0.173148396453
res_TM.VAL.MRCH.R5.ZS.tsv	Citation	0.0190843880958
res_TM.VAL.MRCH.R5.ZS.tsv	File Size	0.044207271145
res_TM.VAL.MRCH.R5.ZS.tsv	Links	0.0203594468887
res_TM.VAL.MRCH.RS.ZS.tsv	Citation	-0.114780330573
res_TM.VAL.MRCH.RS.ZS.tsv	File Size	-0.155258853397
res_TM.VAL.MRCH.RS.ZS.tsv	Links	-0.156188552762
res_TM.VAL.MRCH.WL.CD.tsv	Citation	0.629664220852
res_TM.VAL.MRCH.WL.CD.tsv	File Size	0.610373194237
res_TM.VAL.MRCH.WL.CD.tsv	Links	0.625129882725
res_TX.VAL.MRCH.AL.ZS.tsv	Citation	0.0773842540984
res_TX.VAL.MRCH.AL.ZS.tsv	File Size	0.0833229900893
res_TX.VAL.MRCH.AL.ZS.tsv	Links	0.0812124330355
res_TX.VAL.MRCH.CD.WT.tsv	Citation	0.517926154693
res_TX.VAL.MRCH.CD.WT.tsv	File Size	0.516932086458
res_TX.VAL.MRCH.CD.WT.tsv	Links	0.5294207175
res_TX.VAL.MRCH.HI.ZS.tsv	Citation	0.0992031576832
res_TX.VAL.MRCH.HI.ZS.tsv	File Size	0.1588165936
res_TX.VAL.MRCH.HI.ZS.tsv	Links	0.181725980374
res_TX.VAL.MRCH.R3.ZS.tsv	Citation	-0.0881483787923
res_TX.VAL.MRCH.R3.ZS.tsv	File Size	-0.122174668913
res_TX.VAL.MRCH.R3.ZS.tsv	Links	-0.118816130872
res_TX.VAL.MRCH.R4.ZS.tsv	Citation	0.0741996118847
res_TX.VAL.MRCH.R4.ZS.tsv	File Size	0.0861205232461
res_TX.VAL.MRCH.R4.ZS.tsv	Links	0.0855336505243
res_TX.VAL.MRCH.R5.ZS.tsv	Citation	0.0469740844005
res_TX.VAL.MRCH.R5.ZS.tsv	File Size	0.0490677008679
res_TX.VAL.MRCH.R5.ZS.tsv	Links	0.0244873273306
res_TX.VAL.MRCH.RS.ZS.tsv	Citation	-0.159157612808
res_TX.VAL.MRCH.RS.ZS.tsv	File Size	-0.188494697175
res_TX.VAL.MRCH.RS.ZS.tsv	Links	-0.177811353087
res_TX.VAL.MRCH.WL.CD.tsv	Citation	0.514197821347
res_TX.VAL.MRCH.WL.CD.tsv	File Size	0.512672439793
res_TX.VAL.MRCH.WL.CD.tsv	Links	0.525674600324
res_UIS.THAGE.0.tsv	Citation	0.0193683899517
res_UIS.THAGE.0.tsv	File Size	0.0306741124137
res_UIS.THAGE.0.tsv	Links	0.00753512792399
res_UIS.THAGE.3.A.GPV.tsv	Citation	-0.211046780486
res_UIS.THAGE.3.A.GPV.tsv	File Size	-0.252364124885
res_UIS.THAGE.3.A.GPV.tsv	Links	-0.252958471614
res_gender_SG.GEN.MNST.ZS.tsv	Citation	-0.0104610870213
res_gender_SG.GEN.MNST.ZS.tsv	File Size	0.00225012729247
res_gender_SG.GEN.MNST.ZS.tsv	Links	0.00905682383021
res_gender_SG.GEN.PARL.ZS.tsv	Citation	0.0408146009572
res_gender_SG.GEN.PARL.ZS.tsv	File Size	0.0748615071025
res_gender_SG.GEN.PARL.ZS.tsv	Links	0.0826438739067
